{
    "pitch": [
        -2.917079304729967,
        11.391254536985784,
        207.6309860026605,
        46.77559025098988
    ],
    "energy": [
        -1.431044578552246,
        8.184337615966797,
        37.32621679053821,
        26.044180782835863
    ],
    "spectral_tilt": [
        -1.0,
        1.0,
        3.0,
        2.0
    ] 
}